id,label,timeset,0,1,分类
55,聋,,disease,"Ear,Nose,Throat",耳，鼻，喉
47,白血病,,disease,Cancer,眼科
114,结肠癌,,disease,Cancer,癌症
45,视网膜色素变性,,disease,Ophthamological,眼科
87,糖尿病,,disease,Endocrine,内分泌
54,心肌病,,disease,Cardiovascular,心血管
81,精神发育迟滞,,disease,Neurological,神经
48,血型,,disease,Hematological,血液学
70,肥胖,,disease,Nutritional,营养
137,乳腺癌,,disease,Cancer,癌症
223,肌营养不良症,,disease,Muscular,肌肉相关的
390,腓骨肌萎缩症,,disease,Neurological,神经
220,癫痫,,disease,Neurological,神经
325,白内障,,disease,Ophthamological,眼科
68,哮喘,,disease,Respiratory,呼吸
208,互补分量不足,,disease,Immunological,免疫
213,脊柱小脑运动共济失调征,,disease,Neurological,神经
30,阿尔茨海默病,,disease,Neurological,神经
65,高血压,,disease,Cardiovascular,心血管
139,前列腺癌,,disease,Cancer,癌症
185,亚急性坏死性脑脊髓炎,,disease,Neurological,神经
202,范可尼贫血,,disease,Multiple,多种
302,大疱性表皮松解,,disease,Dermatological,皮肤
364,帕金森病,,disease,Neurological,神经
634,甲状腺癌,,disease,Cancer,癌症
53,肌病,,disease,Muscular,肌肉相关的
86,溶血性贫血,,disease,Hematological,血液学
99,心肌梗死,,disease,Cardiovascular,心血管
117,胃癌,,disease,Cancer,癌症
155,淋巴瘤,,disease,Cancer,癌症
41,贫血,,disease,Hematological,血液学
59,胰腺癌,,disease,Cancer,癌症
130,精神分裂症,,disease,Psychiatric,精神病
239,血栓形成倾向,,disease,Hematological,血液学
285,埃勒斯 - 当洛综合征,,disease,Connective tissue disorder,结缔组织疾病
640,痉挛性共济失调/截瘫,,disease,Neurological,神经
63,严重综合免疫力缺陷,,disease,Immunological,免疫
125,高胆固醇血症,,disease,Metabolic,代谢
197,卵巢癌,,disease,Cancer,癌症
224,肝腺瘤,,disease,Cancer,癌症
236,类风湿关节炎的,,disease,Connective tissue disorder,结缔组织疾病
414,外胚层发育不良,,disease,Dermatological,皮肤
420,神经病,,disease,Neurological,神经
448,因子X缺乏,,disease,Hematological,血液学
822,尤塞氏综合症,,disease,Multiple,多种
42,锥营养不良,,disease,Ophthamological,眼科
110,长QT综合征,,disease,Cardiovascular,心血管
122,角膜营养不良,,disease,Ophthamological,眼科
140,脊髓性肌萎缩症,,disease,Muscular,肌肉相关的
146,鱼鳞病,,disease,Dermatological,皮肤
186,线粒体复合体缺陷症,,disease,Multiple,多种
266,肌无力综合征,,disease,Muscular,肌肉相关的
324,莱伯先天性黑朦,,disease,Ophthamological,眼科
332,甲状腺功能减退症,,disease,Endocrine,内分泌
411,先天性巨结肠症,,disease,Gastrointestinal,胃肠道
775,肾细胞癌,,disease,Cancer,癌症
4261,SharismLab @ooof 2013.5.25,,,,
37,冠状动脉疾病,,disease,Cardiovascular,心血管
120,淀粉样变,,disease,Neurological,神经
222,骨质疏松,,disease,Bone,骨
306,骨骺发育不良,,disease,Bone,骨
367,肌萎缩性侧索硬化症,,disease,Neurological,神经
541,青年发病的成年型糖尿病,,disease,Endocrine,内分泌
751,痴呆,,disease,Neurological,神经
786,假性,,disease,Endocrine,内分泌
44,黄斑营养不良,,disease,Ophthamological,眼科
74,脊椎骨骺发育不良,,disease,Skeletal,骨骼
109,球形红细胞增多症,,disease,Hematological,血液学
164,肾小管性酸中毒,,disease,Renal,肾
187,中央低通气综合征,,disease,Respiratory,呼吸
200,黑色素瘤,,disease,Cancer,癌症
215,夜盲症,,disease,Ophthamological,眼科
219,共济失调,,disease,Neurological,神经
245,疟疾,,disease,Immunological,免疫
327,房颤,,disease,Cardiovascular,心血管
384,胶质母细胞瘤,,disease,Cancer,癌症
607,黄斑变性,,disease,Ophthamological,眼科
661,遗传性过敏症,,disease,Immunological,免疫
736,脂肪代谢障碍,,disease,Metabolic,代谢
778,裸淋巴细胞综合征,,disease,Immunological,免疫
940,脑症,,disease,Developmental,发展的
80,肾小管发育不全,,disease,Renal,肾
119,自身免疫性疾病,,disease,Immunological,免疫
121,载脂蛋白缺乏症,,disease,Metabolic,代谢
123,高甘油三酯血症,,disease,Metabolic,代谢
133,系统性红斑狼疮,,disease,Immunological,免疫
158,偏头痛,,disease,Neurological,神经
180,枫糖尿症,,disease,Metabolic,代谢
199,腺癌,,disease,Cancer,癌症
203,肾母细胞瘤,,disease,Cancer,癌症
235,血小板缺陷/不足,,disease,Hematological,血液学
237,粒细胞性白血病,,disease,Cancer,癌症
248,子宫内膜癌,,disease,Cancer,癌症
277,石骨症,,disease,Bone,骨
280,艾滋病,,disease,Immunological,免疫
290,骨性关节炎,,disease,Connective tissue disorder,结缔组织疾病
314,肺癌,,disease,Cancer,癌症
340,青光眼,,disease,Ophthamological,眼科
369,无脑回症,,disease,Neurological,神经
401,角化症掌跖病纹状体2型,,disease,Dermatological,皮肤
419,Dejerine索塔斯病,,disease,Multiple,多种
423,嗜中性白血球减少症,,disease,Hematological,血液学
429,红细胞增多症,,disease,Hematological,血液学
441,前段异常和白内障,,disease,Ophthamological,眼科
447,血小板减少症,,disease,Hematological,血液学
474,膀胱癌,,disease,Cancer,癌症
497,横纹肌肉瘤,,disease,Cancer,癌症
570,自闭症,,disease,Psychiatric,精神病
602,亨廷顿病,,disease,Neurological,神经
782,Waardenburg氏综合征,,disease,Multiple,多种
790,脑膜瘤,,disease,Cancer,癌症
851,视锥营养不良,,disease,Ophthamological,眼科
938,基底细胞癌,,disease,Cancer,癌症
968,食管癌,,disease,Cancer,癌症
43,白点状眼底,,disease,Ophthamological,眼科
78,法乐氏四联症,,disease,Cardiovascular,心血管
79,先兆子痫,,disease,Cardiovascular,心血管
101,鱼鳞病样红皮病,,disease,Dermatological,皮肤
113,腺瘤,,disease,Cancer,癌症
118,透克氏症,,disease,Cancer,癌症
132,鳞状细胞癌,,disease,Cancer,癌症
165,表皮年轻化,,disease,Connective tissue disorder,结缔组织疾病
177,家族性高胆烷血症,,disease,Gastrointestinal,胃肠道
189,强迫症,,disease,Psychiatric,精神病
201,非小细胞肺癌,,disease,Cancer,癌症
216,低钾性周期性麻痹,,disease,Renal,肾
226,室性心动过速,,disease,Cardiovascular,心血管
227,甲状旁腺功能亢进症,,disease,Endocrine,内分泌
270,尼古丁成瘾,,disease,Psychiatric,精神病
282,色盲,,disease,Ophthamological,眼科
292,斯蒂克勒综合征,,disease,Multiple,多种
328,房室传导阻滞,,disease,Cardiovascular,心血管
402,致心律失常性右心室发育不良,,disease,Cardiovascular,心血管
464,沃克华宝综合征,,disease,Multiple,多种
467,异常纤维蛋白原血症,,disease,Hematological,血液学
527,肌阵挛性癫痫,,disease,Neurological,神经
560,变异性红斑角化病,,disease,Dermatological,皮肤
574,垂体ACTH分泌性腺瘤,,disease,Cancer,癌症
671,骨髓增生异常综合征,,disease,Muscular,肌肉相关的
703,表皮松解角化过度,,disease,Dermatological,皮肤
742,脂瘤,,disease,Cancer,癌症
744,渗出性玻璃体视网膜病变,,disease,Ophthamological,眼科
795,神经纤维瘤病,,disease,Cancer,癌症
796,腭裂,,disease,Developmental,发展的
856,白化病,,disease,Dermatological,皮肤
880,丙酮酸脱氢酶deciency的,,disease,Metabolic,代谢
919,胰岛素抵抗,,disease,Metabolic,代谢
953,Omenn综合征,,disease,Immunological,免疫
984,嗜铬细胞瘤,,disease,Cancer,癌症
985,嗜铬细胞瘤,,disease,Cancer,癌症
36,脑淀粉样血管病,,disease,Neurological,神经
38,高密度脂蛋白胆固醇水平的QTL,,disease,Metabolic,代谢
46,斯塔加特病,,disease,Ophthamological,眼科
100,行程,,disease,Cardiovascular,心血管
126,无β脂蛋白血症,,disease,Metabolic,代谢
128,高脂蛋白血症,,disease,Metabolic,代谢
131,绵羊尿石病,,disease,Metabolic,代谢
154,共济失调毛细血管扩张症,,disease,Immunological,免疫
156,T细胞淋巴细胞白血病,,disease,Cancer,癌症
181,希佩尔 - 林道综合征,,disease,Cancer,癌症
191,多发性错构瘤综合征,,disease,Cancer,癌症
192,息肉病,,disease,Cancer,癌症
209,联合免疫缺陷,,disease,Immunological,免疫
210,小脑性共济失调,,disease,Neurological,神经
211,偶发性共济失调,,disease,Neurological,神经
217,恶性高热易感性,,disease,Neurological,神经
238,高胱氨酸尿症,,disease,Metabolic,代谢
272,先天性肌强直症,,disease,Muscular,肌肉相关的
286,成骨不全症,,disease,Bone,骨
287,马凡氏综合征,,disease,Connective tissue disorder,结缔组织疾病
307,椎间盘疾病,,disease,Neurological,神经
322,肉鹼棕櫚醯基轉移酶缺乏症,,disease,Metabolic,代谢
323,鲁宾斯坦Taybi综合征,,disease,Multiple,多种
331,甲状腺机能亢进,,disease,Endocrine,内分泌
341,彼得斯异常,,disease,Developmental,发展的
370,皮层下层异位,,disease,Neurological,神经
385,Becker型肌营养不良症,,disease,Muscular,肌肉相关的
408,软骨发育不全,,disease,Connective tissue disorder,结缔组织疾病
417,瓦尔登堡-沙阿综合征,,disease,Multiple,多种
426,埃默里-德雷福斯肌营养不良症,,disease,Muscular,肌肉相关的
446,出血性素质,,disease,Hematological,血液学
454,异位,,disease,Ophthamological,眼科
457,球形晶状体短指畸形综合征,,disease,Connective tissue disorder,结缔组织疾病
463,病毒感染,,disease,Immunological,免疫
466,纤维蛋白原血症,,disease,Hematological,血液学
470,杰克逊 - 魏斯综合征,,disease,Skeletal,骨骼
471,Kallmann综合征,,disease,Multiple,多种
472,菲佛综合征,,disease,Skeletal,骨骼
476,克鲁综合征,,disease,Skeletal,骨骼
483,小儿颅缝早闭,,disease,Skeletal,骨骼
484,尖头并指综合征III型,,disease,Developmental,发展的
485,易患癌症,,disease,Cancer,癌症
491,虹膜角膜发育不良,,disease,Ophthamological,眼科
493,Rieger氏症候群,,disease,Multiple,多种
526,失眠,,disease,Psychiatric,精神病
545,亚历山大病,,disease,Multiple,多种
550,生长激素,,disease,Endocrine,内分泌
559,残毁性掌跖角皮症,,disease,Multiple,多种
575,肢端肥大症,,disease,Endocrine,内分泌
616,克雅氏病,,disease,Neurological,神经
681,真性红细胞增多症,,disease,Hematological,血液学
682,血小板增多症,,disease,Hematological,血液学
685,耶韦尔和朗格 - 尼尔森综合征,,disease,Multiple,多种
691,胃肠道间质瘤,,disease,Cancer,癌症
692,生殖细胞瘤,,disease,Cancer,癌症
765,安琪儿综合征,,disease,Developmental,发展的
767,Rett综合征,,disease,Neurological,神经
772,多发性内分泌腺瘤,,disease,Cancer,癌症
773,甲状旁腺腺瘤,,disease,Cancer,癌症
779,多发性硬化症,,disease,Neurological,神经
784,咖啡牛乳斑,,disease,Cancer,癌症
785,缪尔-托瑞综合征,,disease,Cancer,癌症
793,鲁西 - 列维综合征,,disease,Multiple,多种
797,缺牙,,disease,Skeletal,骨骼
799,顶叶椎间孔,,disease,Skeletal,骨骼
814,核心病,,disease,Muscular,肌肉相关的
815,卡尼复杂,,disease,Multiple,多种
838,神经母细胞瘤,,disease,Cancer,癌症
853,甲状腺髓样癌,,disease,Cancer,癌症
858,视神经萎缩,,disease,Ophthamological,眼科
873,缺损，眼球,,disease,Ophthamological,眼科
930,血症,,disease,Metabolic,代谢
963,Rh阴性血型,,disease,Hematological,血液学
982,利德尔综合征,,disease,Renal,肾
1048,甲状腺肿大,,disease,Endocrine,内分泌
1050,Loeys迪茨综合征,,disease,Connective tissue disorder,结缔组织疾病
1053,甲状腺激素抵抗,,disease,Endocrine,内分泌
1061,脓血症,,disease,Immunological,免疫
1067,李弗劳明综合征,,disease,Cancer,癌症
1070,骨肉瘤,,disease,Cancer,癌症
1145,髓母细胞瘤,,disease,Cancer,癌症
1245,阿斯伯格综合症,,disease,Psychiatric,精神病
39,丹吉尔病,,disease,Metabolic,代谢
62,腺苷脱氨酶缺乏症,,disease,Immunological,免疫
69,β-2-肾上腺素受体激动剂，减少响应,,disease,Unclassified,未分类
76,继承性瘦弱,,disease,Nutritional,营养
77,先天性肝内胆管发育不良征,,disease,Multiple,多种
98,动脉粥样硬化,,disease,Cardiovascular,心血管
112,腺瘤，壶腹周围,,disease,Cancer,癌症
115,硬纤维病，遗传,,disease,Cancer,癌症
116,加德纳综合征,,disease,Cancer,癌症
124,C血症,,disease,Metabolic,代谢
127,家族性β-脂蛋白过少血症,,disease,Metabolic,代谢
129,海蓝色组织细胞病,,disease,Hematological,血液学
134,水通道蛋白1缺乏,,disease,Unclassified,未分类
136,雄激素不敏感,,disease,Endocrine,内分泌
138,会阴型尿道下裂,,disease,Endocrine,内分泌
147,胎盘类固醇硫酸酯酶缺乏症,,disease,Metabolic,代谢
157,儿童交替性偏瘫,,disease,Neurological,神经
166,门克斯病,,disease,Neurological,神经
167,枕角综合征,,disease,Multiple,多种
184,竹叶综合征,,disease,Metabolic,代谢
188,记忆障碍,,disease,Neurological,神经
198,腹膜浆液性乳头状癌,,disease,Cancer,癌症
212,家族性偏瘫性偏头痛，,,disease,Neurological,神经
218,甲亢性周期性麻痹,,disease,Endocrine,内分泌
225,非霍奇金淋巴瘤,,disease,Cancer,癌症
228,低钙血症,,disease,Endocrine,内分泌
229,低尿钙高钙血症,,disease,Endocrine,内分泌
231,肌酸磷酸激酶,,disease,Metabolic,代谢
232,荡漾肌肉疾病,,disease,Muscular,肌肉相关的
249,单核细胞增生李斯特氏菌,,disease,Immunological,免疫
252,李弗劳明综合征,,disease,Cancer,癌症
253,口喉癌,,disease,Cancer,癌症
283,卡菲病,,disease,Connective tissue disorder,结缔组织疾病
284,颈椎动脉解剖,,disease,Connective tissue disorder,结缔组织疾病
288,Achondrogenesis hypochondrogenesis，II型,,disease,Bone,骨
289,克尼斯特发育不良,,disease,Skeletal,骨骼
291,脊椎骨骺发育不良（斯塔德威克型）,,disease,Skeletal,骨骼
293,瓦格纳综合征,,disease,Ophthamological,眼科
294,家族性动脉瘤，,,disease,Unclassified,未分类
301,EBD,,disease,Dermatological,皮肤
303,趾甲营养不良，隔绝,,disease,Dermatological,皮肤
304,瞬态新生儿大疱,,disease,Dermatological,皮肤
305,富克斯角膜内皮营养不良,,disease,Ophthamological,眼科
310,马歇尔综合征,,disease,Multiple,多种
311,OSMED综合征,,disease,Bone,骨
312,韦-兹综合征,,disease,Connective tissue disorder,结缔组织疾病
313,假性软骨发育不全,,disease,Skeletal,骨骼
316,血铁质沉着症，系统性，由于遗传性铜蓝蛋白缺乏,,disease,Hematological,血液学
317,胞浆素,,disease,Metabolic,代谢
334,毛母质瘤,,disease,Cancer,癌症
342,香豆素阻力,,disease,Hematological,血液学
363,多巴胺β羟化酶缺乏症,,disease,Metabolic,代谢
365,血管紧张素转换酶,,disease,Endocrine,内分泌
366,SARS，进展,,disease,Immunological,免疫
368,下运动神经元疾病，渐进的，没有感觉症状,,disease,Neurological,神经
374,詹森综合征,,disease,Neurological,神经
375,耳聋肌张力障碍综合征,,disease,Neurological,神经
376,梅尼埃病,,disease,Neurological,神经
380,苯的毒性,,disease,Unclassified,未分类
386,杜氏肌营养不良症,,disease,Muscular,肌肉相关的
403,扩张型心肌病，毛茸茸的头发和角化,,disease,Multiple,多种
404,皮肤脆弱羊毛毛综合症,,disease,Dermatological,皮肤
405,Ⅱ型牙本质发育不全，,,disease,Bone,骨
406,盾型牙本质发育不全，,,disease,Bone,骨
407,软骨发育不全 IB,,disease,Bone,骨
409,Diastrophic发育不良,,disease,Skeletal,骨骼
415,眦异位综合征,,disease,Multiple,多种
416,ABCD综合征,,disease,Multiple,多种
422,造血，循环,,disease,Hematological,血液学
424,主动脉瓣上狭窄,,disease,Cardiovascular,心血管
425,威廉氏综合征,,disease,Multiple,多种
434,抗雌激素,,disease,Endocrine,内分泌
442,鳃耳综合征,,disease,Neurological,神经
453,主动脉瘤,,disease,Cardiovascular,心血管
455,MASS综合征,,disease,Connective tissue disorder,结缔组织疾病
456,史-戈德堡综合征,,disease,Multiple,多种
468,奥斯科格斯科特综合征,,disease,Multiple,多种
473,软骨发育不全,,disease,Skeletal,骨骼
475,宫颈癌,,disease,Cancer,癌症
477,软骨发育低下,,disease,Skeletal,骨骼
478,Muenke综合征,,disease,Skeletal,骨骼
479,致死性骨发育不全，类型I和II,,disease,Skeletal,骨骼
480,引起亚伯综合征,,disease,Connective tissue disorder,结缔组织疾病
481,比尔一史蒂文生皮肤回旋综合,,disease,Multiple,多种
482,颅面骨骼皮肤病发育不良,,disease,Multiple,多种
486,低纤维蛋白原血症,,disease,Hematological,血液学
490,青光眼与角膜巩膜发育不全,,disease,Ophthamological,眼科
492,虹膜发育不全和青光眼,,disease,Ophthamological,眼科
502,拉尔森综合征,,disease,Skeletal,骨骼
503,SCT综合征,,disease,Skeletal,骨骼
523,蚕豆病,,disease,Metabolic,代谢
524,G6PD缺乏症,,disease,Metabolic,代谢
535,红细胞生成异常性贫血,,disease,Hematological,血液学
536,巨血小板减少症,,disease,Hematological,血液学
540,高胰岛素血症,,disease,Metabolic,代谢
542,成年人，我的表型,,disease,Hematological,血液学
552,左心发育不全综合征,,disease,Cardiovascular,心血管
553,眼牙指发育不良综合征,,disease,Skeletal,骨骼
554,并指畸形,,disease,Skeletal,骨骼
555,巴特庞弗里综合征,,disease,Multiple,多种
556,豪猪状鱼鳞病耳聋,,disease,Multiple,多种
557,角膜炎鱼鳞病耳聋综合征,,disease,Multiple,多种
558,角化病，掌跖，耳聋,,disease,Dermatological,皮肤
563,辛普森Golabi Behmel综合征,,disease,Multiple,多种
576,麦克卡尼-阿尔布莱特综合征,,disease,Multiple,多种
577,骨发育不正常,,disease,Bone,骨
578,假性,,disease,Endocrine,内分泌
579,生长激素瘤,,disease,Endocrine,内分泌
585,谷胱甘肽合成酶缺陷,,disease,Metabolic,代谢
605,桑德胡病（婴幼儿，少年，成年形式）,,disease,Metabolic,代谢
606,溶血性尿毒症综合征,,disease,Hematological,血液学
608,肾病高血压,,disease,Renal,肾
627,垂直距骨,,disease,Skeletal,骨骼
633,科斯特洛综合征,,disease,Multiple,多种
637,表观盐皮质激素过多，高血压，由于,,disease,Bone,骨
643,酒精依赖,,disease,Unclassified,未分类
644,神经性厌食症,,disease,Nutritional,营养
645,季节性情感障碍,,disease,Psychiatric,精神病
663,移植物抗宿主病,,disease,Immunological,免疫
664,过敏性鼻炎,,disease,Immunological,免疫
665,血症,,disease,Endocrine,内分泌
667,矮怪病,,disease,Developmental,发展的
668,Rabson门登霍尔综合征,,disease,Multiple,多种
669,胰腺发育不全,,disease,Gastrointestinal,胃肠道
670,大细胞性贫血,,disease,Hematological,血液学
680,特发性骨髓纤维化,,disease,Hematological,血液学
686,获得性QT 延长综合征,,disease,Cardiovascular,心血管
687,婴儿期持续性高胰岛素血症性低血糖症,,disease,Metabolic,代谢
689,新生儿癫痫Myokymia,,disease,Neurological,神经
693,肥大细胞白血病,,disease,Cancer,癌症
694,与相关血液性疾病，肥大细胞增多症,,disease,Immunological,免疫
695,黑素细胞斑驳病,,disease,Dermatological,皮肤
701,胃癌,,disease,Cancer,癌症
702,循环与表皮松解性角化过度鱼鳞病,,disease,Dermatological,皮肤
704,乌纳 - 托斯特病，nonepidermolytic,,disease,Dermatological,皮肤
709,痣，表皮，表皮角化过度型,,disease,Dermatological,皮肤
716,LOCS,,disease,Multiple,多种
743,骨矿物质密度变异,,disease,Bone,骨
745,骨质增生，内膜,,disease,Bone,骨
746,骨质疏松假性神经胶质瘤综合征,,disease,Bone,骨
747,冯布坎病,,disease,Unclassified,未分类
748,幼年性结肠息肉/遗传性出血性毛细血管扩张症综合征,,disease,Cancer,癌症
752,苍白球脑桥黑质变性,,disease,Neurological,神经
753,性核上性麻痹,,disease,Neurological,神经
754,滔蛋白病变和呼吸衰竭,,disease,Neurological,神经
766,PPM-X综合征,,disease,Neurological,神经
769,肾上腺腺瘤,,disease,Cancer,癌症
770,血管纤维瘤，零星,,disease,Endocrine,内分泌
771,肺类癌肿瘤,,disease,Cancer,癌症
774,泌乳素瘤，甲状旁腺功能亢进症，类癌综合征,,disease,Endocrine,内分泌
781,Tietz综合征,,disease,Multiple,多种
792,髓过氧化物酶缺乏症,,disease,Immunological,免疫
794,美林癌家族综合征II,,disease,Cancer,癌症
798,牙一甲综合征,,disease,Developmental,发展的
810,神经纤维肉瘤,,disease,Cancer,癌症
816,牙关紧闭假屈曲指综合征,,disease,Multiple,多种
817,爱泼斯坦综合征,,disease,Hematological,血液学
818,家族性血小板减少症,,disease,Multiple,多种
819,梅-海金斯异常,,disease,Hematological,血液学
820,塞巴斯蒂安综合征,,disease,Hematological,血液学
826,奈梅亨断裂综合征,,disease,Multiple,多种
828,Coats病,,disease,Ophthamological,眼科
829,诺里病,,disease,Neurological,神经
833,神经纤维瘤病,,disease,Cancer,癌症
834,Neurobromatosis Noonan综合征,,disease,Cancer,癌症
835,沃森综合征,,disease,Cancer,癌症
836,神经鞘瘤病,,disease,Cancer,癌症
841,冠状动脉痉挛,,disease,Cardiovascular,心血管
842,胎盘早剥,,disease,Unclassified,未分类
852,对疼痛不敏感,,disease,Neurological,神经
868,麻风病,,disease,Immunological,免疫
871,颅面失聪手综合征,,disease,Multiple,多种
872,无虹膜，II型,,disease,Ophthamological,眼科
874,眼睛异常,,disease,Ophthamological,眼科
875,黄斑中心凹发育不良,,disease,Ophthamological,眼科
876,角膜炎,,disease,Ophthamological,眼科
877,上午荣耀盘异常,,disease,Skeletal,骨骼
878,视神经发育不全/再生障碍性贫血,,disease,Ophthamological,眼科
879,缺牙,,disease,Skeletal,骨骼
882,隆突Dermatobrosarcoma,,disease,Cancer,癌症
883,巨细胞纤维母细胞,,disease,Cancer,癌症
884,嗜酸性粒细胞增多综合征,,disease,Hematological,血液学
887,后纵韧带骨化,,disease,Connective tissue disorder,结缔组织疾病
888,前庭水管扩大,,disease,"Ear,Nose,Throat",耳，鼻，喉
889,Pendred综合征,,disease,"Ear,Nose,Throat",耳，鼻，喉
897,肌红蛋白尿/溶血由于PGK deciency的，,,disease,Metabolic,代谢
902,气肿,,disease,Respiratory,呼吸
904,环角膜皮样瘤,,disease,Ophthamological,眼科
909,未婚夫综合征,,disease,Connective tissue disorder,结缔组织疾病
911,佩 - 梅病,,disease,Neurological,神经
912,神经外胚层肿瘤,,disease,Multiple,多种
923,肾上腺皮质癌,,disease,Cancer,癌症
924,腔内粘液瘤，,,disease,Cardiovascular,心血管
925,色素肾上腺皮质疾病，原发性隔离,,disease,Cancer,癌症
928,杰斯特曼Straussler病,,disease,Neurological,神经
929,朊病毒病病程迁延,,disease,Neurological,神经
935,Pick病,,disease,Neurological,神经
939,基底细胞痣综合征,,disease,Multiple,多种
941,Bannayan - 莱利Ruvalcaba综合征,,disease,Unclassified,未分类
942,出现Lhermitte杜克洛综合征,,disease,Cancer,癌症
943,少枝胶质细胞,,disease,Cancer,癌症
944,积水VATER协会,,disease,Multiple,多种
947,豹综合征,,disease,Multiple,多种
948,Noonan综合征,,disease,Developmental,发展的
949,Zlotogora Ogur综合征,,disease,Multiple,多种
954,毛细血管畸形,,disease,Cardiovascular,心血管
955,帕克斯Weber综合征,,disease,Multiple,多种
956,视网膜母细胞瘤,,disease,Cancer,癌症
958,蝴蝶营养不良，视网膜,,disease,Ophthamological,眼科
959,Foveomacular营养不良，成年起病，脉络膜新生血管,,disease,Ophthamological,眼科
960,高蛋白血症,,disease,Cardiovascular,心血管
961,结肠无神经节细胞症，小肠受累，总,,disease,Gastrointestinal,胃肠道
962,RH-MOD综合征,,disease,Hematological,血液学
965,尼亚视网膜营养不良,,disease,Ophthamological,眼科
966,纽芬兰杆锥营养不良,,disease,Ophthamological,眼科
969,棺材洛瑞综合征,,disease,Multiple,多种
974,痉挛，加重钾,,disease,Muscular,肌肉相关的
975,高钾周期性麻痹,,disease,Neurological,神经
976,先天性Paramyotonia,,disease,Muscular,肌肉相关的
977,Brugada综合征,,disease,Cardiovascular,心血管
978,心脏传导阻滞,,disease,Cardiovascular,心血管
979,病态窦房结综合征,,disease,Cardiovascular,心血管
980,特发性心室brillation,,disease,Cardiovascular,心血管
986,类癌肿瘤，肠,,disease,Cancer,癌症
987,Merkel细胞癌,,disease,Cancer,癌症
991,孤立位数上颌中切牙,,disease,Skeletal,骨骼
996,范可尼比克尔综合征,,disease,Metabolic,代谢
1002,焦虑相关的人格特质,,disease,Psychiatric,精神病
1003,肌酸缺陷综合征，X-关联,,disease,Neurological,神经
1012,漏斗部发育不全，垂体功能低下,,disease,Endocrine,内分泌
1015,PCWH,,disease,Neurological,神经
1016,也门聋盲色素减退综合征,,disease,Multiple,多种
1020,热变性异形红细胞增多症,,disease,Hematological,血液学
1025,黑斑息肉综合征,,disease,Cancer,癌症
1027,低血糖,,disease,Metabolic,代谢
1029,韦格纳肉芽肿,,disease,Immunological,免疫
1033,巴特综合征,,disease,Multiple,多种
1034,左室心肌致密,,disease,Cardiovascular,心血管
1040,肾丝球肾发育不全的疾病，,,disease,Renal,肾
1047,自身免疫性甲状腺疾病,,disease,Endocrine,内分泌
1051,自愈火棉胶婴儿,,disease,Dermatological,皮肤
1065,肾上腺皮质癌,,disease,Cancer,癌症
1066,组织细胞瘤,,disease,Cancer,癌症
1068,多恶性综合征,,disease,Cancer,癌症
1069,鼻咽癌,,disease,Cancer,癌症
1072,甲状腺功能亢进症,,disease,Endocrine,内分泌
1073,总碘organication缺陷,,disease,Endocrine,内分泌
1078,甲状腺机能亢进症,,disease,Endocrine,内分泌
1080,淀粉样神经病,,disease,Neurological,神经
1081,腕管综合征，家族,,disease,Unclassified,未分类
1082,家族性异常甲状腺素血症,,disease,Hematological,血液学
1089,血管母细胞瘤，小脑,,disease,Cancer,癌症
1091,黄斑病变，靶心,,disease,Ophthamological,眼科
1092,卵黄样黄斑营养不良,,disease,Ophthamological,眼科
1094,Wiskott-Aldrich综合征,,disease,Immunological,免疫
1099,丹尼斯Drash综合征,,disease,Renal,肾
1100,弗雷泽综合征,,disease,Multiple,多种
1101,系膜硬化,,disease,Renal,肾
1102,WAGR综合征,,disease,Multiple,多种
1120,唾液腺瘤,,disease,Cancer,癌症
1121,子宫肌瘤,,disease,Cancer,癌症
1130,三好氏肌肉病变,,disease,Muscular,肌肉相关的
1132,缺牙大肠癌综合征,,disease,Cancer,癌症
1136,色素失禁症,,disease,Dermatological,皮肤
1148,关节病,,disease,Bone,骨
1152,间皮瘤,,disease,Cancer,癌症
1153,Sezary综合症,,disease,Cancer,癌症
1174,髓鞘质病,,disease,Muscular,肌肉相关的
1181,增强S-圆锥综合征,,disease,Ophthamological,眼科
1198,瑟顿综合征,,disease,Dermatological,皮肤
1208,色素性静脉旁脉络膜视网膜萎缩,,disease,Ophthamological,眼科
1221,银痉挛性截瘫综合征,,disease,Neurological,神经
1227,颅面畸形，空蝶鞍，角膜内皮细胞变化,,disease,Multiple,多种
1228,圆锥角膜,,disease,Ophthamological,眼科
1232,免疫功能失调、多发性内分泌病、肠病及X染色体连锁综合征,,disease,Multiple,多种
1238,IgE水平QTL,,disease,Immunological,免疫
1242,沃尔夫 - 帕金森 - 怀特综合症,,disease,Cardiovascular,心血管
1270,原发性侧索硬化症,,disease,Neurological,神经
1285,甲基戊烯二酸尿症,,disease,Metabolic,代谢
1289,抽搐,,disease,Neurological,神经
1303,小儿痉挛综合征,,disease,Neurological,神经
1304,帕廷综合征,,disease,Neurological,神经
1305,骄傲综合征,,disease,Multiple,多种
1306,波特-霍格 - 杜贝综合征,,disease,Dermatological,皮肤
1307,气胸，原发性自发性气胸,,disease,Respiratory,呼吸
1329,MTP,,gene,gene,基因
1338,CNGA3,,gene,gene,基因
1339,GNAT2,,gene,gene,基因
1348,SSTR5,,gene,gene,基因
1361,PLAG1,,gene,gene,基因
1394,OCA2,,gene,gene,基因
1396,TYRP1,,gene,gene,基因
1402,GFAP,,gene,gene,基因
1420,A2M,,gene,gene,基因
1421,APBB2,,gene,gene,基因
1424,BLMH,,gene,gene,基因
1428,PLAU,,gene,gene,基因
1430,PSEN2,,gene,gene,基因
1431,PAXIP1,,gene,gene,基因
1442,GSN,,gene,gene,基因
1443,LYZ,,gene,gene,基因
1446,NEFH,,gene,gene,基因
1447,PRPH,,gene,gene,基因
1448,SOD1,,gene,gene,基因
1455,ABCB7,,gene,gene,基因
1456,ALAS2,,gene,gene,基因
1457,SLC11A2,,gene,gene,基因
1458,PKLR,,gene,gene,基因
1460,RPS19,,gene,gene,基因
1462,NT5C3,,gene,gene,基因
1463,CDAN1,,gene,gene,基因
1465,UBE3A,,gene,gene,基因
1477,FOXE3,,gene,gene,基因
1491,APOC3,,gene,gene,基因
1492,APOH,,gene,gene,基因
1501,PKP2,,gene,gene,基因
1512,MS4A2,,gene,gene,基因
1513,HNMT,,gene,gene,基因
1514,IL12B,,gene,gene,基因
1515,IL13,,gene,gene,基因
1516,PTGDR,,gene,gene,基因
1518,SCGB1A1,,gene,gene,基因
1521,SCGB3A2,,gene,gene,基因
1522,GPR154,,gene,gene,基因
1524,TTPA,,gene,gene,基因
1525,ALS4,,gene,gene,基因
1526,APTX,,gene,gene,基因
1527,ATCAY,,gene,gene,基因
1529,MRE11A,,gene,gene,基因
1533,ALOX5,,gene,gene,基因
1534,IL4R,,gene,gene,基因
1535,SELP,,gene,gene,基因
1538,HAVCR1,,gene,gene,基因
1541,GATA4,,gene,gene,基因
1548,CRELD1,,gene,gene,基因
1550,GLO1,,gene,gene,基因
1552,NLGN3,,gene,gene,基因
1554,AIRE,,gene,gene,基因
1573,RFX5,,gene,gene,基因
1574,RFXAP,,gene,gene,基因
1576,TAPBP,,gene,gene,基因
1586,SMO,,gene,gene,基因
1621,ABO,,gene,gene,基因
1622,疼,,gene,gene,基因
1623,AQP1,,gene,gene,基因
1624,AQP3,,gene,gene,基因
1625,DO,,gene,gene,基因
1626,BSG,,gene,gene,基因
1627,CD44,,gene,gene,基因
1628,CR1,,gene,gene,基因
1629,DAF,,gene,gene,基因
1630,FUT3,,gene,gene,基因
1631,GCNT2,,gene,gene,基因
1632,GYPA,,gene,gene,基因
1633,GYPB,,gene,gene,基因
1635,ICAM4,,gene,gene,基因
1636,KEL,,gene,gene,基因
1637,LU,,gene,gene,基因
1640,SLC14A1,,gene,gene,基因
1641,XG,,gene,gene,基因
1642,B3GALT3,,gene,gene,基因
1643,A4GALT,,gene,gene,基因
1660,EYA1,,gene,gene,基因
1663,BARD1,,gene,gene,基因
1669,PHB,,gene,gene,基因
1671,RAD51,,gene,gene,基因
1673,TSG101,,gene,gene,基因
1676,PPM1D,,gene,gene,基因
1677,RB1CC1,,gene,gene,基因
1687,C1QA,,gene,gene,基因
1688,C1QB,,gene,gene,基因
1689,C1QG,,gene,gene,基因
1690,C1S,,gene,gene,基因
1691,C2,,gene,gene,基因
1692,C3,,gene,gene,基因
1693,C4A,,gene,gene,基因
1694,C4B,,gene,gene,基因
1696,C7,,gene,gene,基因
1697,C8B,,gene,gene,基因
1698,C9,,gene,gene,基因
1699,IF,,gene,gene,基因
1709,FGFR4,,gene,gene,基因
1719,ACTC,,gene,gene,基因
1726,MYBPC3,,gene,gene,基因
1727,MYH6,,gene,gene,基因
1729,MYL2,,gene,gene,基因
1730,MYL3,,gene,gene,基因
1731,PLN,,gene,gene,基因
1734,TNNC1,,gene,gene,基因
1735,TNNI3,,gene,gene,基因
1736,TNNT2,,gene,gene,基因
1737,TPM1,,gene,gene,基因
1739,CSRP3,,gene,gene,基因
1741,ABCC9,,gene,gene,基因
1743,MYLK2,,gene,gene,基因
1750,CRYAA,,gene,gene,基因
1752,CRYBA1,,gene,gene,基因
1753,CRYBB1,,gene,gene,基因
1754,CRYBB2,,gene,gene,基因
1755,CRYGC,,gene,gene,基因
1756,CRYGD,,gene,gene,基因
1757,GJA3,,gene,gene,基因
1758,GJA8,,gene,gene,基因
1759,HSF4,,gene,gene,基因
1760,LIM2,,gene,gene,基因
1761,MIP,,gene,gene,基因
1763,PITX3,,gene,gene,基因
1764,BFSP2,,gene,gene,基因
1776,CST3,,gene,gene,基因
1792,DNM2,,gene,gene,基因
1795,GJB1,,gene,gene,基因
1799,NEFL,,gene,gene,基因
1801,RAB7,,gene,gene,基因
1802,MTMR2,,gene,gene,基因
1803,LITAF,,gene,gene,基因
1804,MFN2,,gene,gene,基因
1805,NDRG1,,gene,gene,基因
1806,KIF1B,,gene,gene,基因
1807,GDAP1,,gene,gene,基因
1808,SH3TC2,,gene,gene,基因
1809,SBF2,,gene,gene,基因
1852,TBX22,,gene,gene,基因
1868,BUB1,,gene,gene,基因
1869,BUB1B,,gene,gene,基因
1871,DCC,,gene,gene,基因
1875,MCC,,gene,gene,基因
1879,NRAS,,gene,gene,基因
1880,ODC1,,gene,gene,基因
1883,PLA2G2A,,gene,gene,基因
1884,PMS1,,gene,gene,基因
1886,PTPN12,,gene,gene,基因
1887,PTPRJ,,gene,gene,基因
1888,SRC,,gene,gene,基因
1894,DLC1,,gene,gene,基因
1896,MLH3,,gene,gene,基因
1907,GUCA1A,,gene,gene,基因
1935,TACSTD2,,gene,gene,基因
1936,TGFBI,,gene,gene,基因
1937,KERA,,gene,gene,基因
1939,PIP5K3,,gene,gene,基因
1942,MEF2A,,gene,gene,基因
1943,MMP3,,gene,gene,基因
1944,PON1,,gene,gene,基因
1945,PON2,,gene,gene,基因
1946,KL,,gene,gene,基因
1955,CPT1A,,gene,gene,基因
1967,HLA-DQB1,,gene,gene,基因
1990,ACTG1,,gene,gene,基因
1992,ATP2B2,,gene,gene,基因
1994,CRYM,,gene,gene,基因
1996,DFNA5,,gene,gene,基因
1998,DIAPH1,,gene,gene,基因
2000,EYA4,,gene,gene,基因
2004,MYO1A,,gene,gene,基因
2005,MYO6,,gene,gene,基因
2008,POU3F4,,gene,gene,基因
2009,POU4F3,,gene,gene,基因
2010,TECTA,,gene,gene,基因
2011,KCNQ4,,gene,gene,基因
2012,OTOF,,gene,gene,基因
2015,CLDN14,,gene,gene,基因
2016,DFNB31,,gene,gene,基因
2017,MYO15A,,gene,gene,基因
2018,MYO3A,,gene,gene,基因
2019,KIAA1199,,gene,gene,基因
2021,TMPRSS3,,gene,gene,基因
2023,MYH14,,gene,gene,基因
2024,GRHL2,,gene,gene,基因
2025,ESPN,,gene,gene,基因
2026,TMC1,,gene,gene,基因
2027,OTOA,,gene,gene,基因
2028,STRC,,gene,gene,基因
2029,TMIE,,gene,gene,基因
2030,SLC26A5,,gene,gene,基因
2035,PRX,,gene,gene,基因
2039,SNCB,,gene,gene,基因
2042,ITM2B,,gene,gene,基因
2049,DSPP,,gene,gene,基因
2055,AKT2,,gene,gene,基因
2057,GCGR,,gene,gene,基因
2059,GPD2,,gene,gene,基因
2063,IRS1,,gene,gene,基因
2065,NEUROD1,,gene,gene,基因
2069,SLC2A4,,gene,gene,基因
2073,血管内皮生长因子,,gene,gene,基因
2074,IRS2,,gene,gene,基因
2075,MAPK8IP1,,gene,gene,基因
2076,CAPN10,,gene,gene,基因
2080,PTF1A,,gene,gene,基因
2081,SUMO4,,gene,gene,基因
2099,DMD,,gene,gene,基因
2105,FGA,,gene,gene,基因
2120,TTR,,gene,gene,基因
2122,EDA,,gene,gene,基因
2123,NFKBIA,,gene,gene,基因
2124,PKP1,,gene,gene,基因
2127,GJB6,,gene,gene,基因
2128,EDAR,,gene,gene,基因
2129,EDARADD,,gene,gene,基因
2136,COL5A1,,gene,gene,基因
2137,COL5A2,,gene,gene,基因
2139,TNXB,,gene,gene,基因
2140,ADAMTS2,,gene,gene,基因
2141,B4GALT7,,gene,gene,基因
2143,EPB41,,gene,gene,基因
2149,EMD,,gene,gene,基因
2157,MSH3,,gene,gene,基因
2169,COL17A1,,gene,gene,基因
2171,ITGA6,,gene,gene,基因
2172,ITGB4,,gene,gene,基因
2173,KRT5,,gene,gene,基因
2174,KRT14,,gene,gene,基因
2176,LAMB3,,gene,gene,基因
2177,LAMC2,,gene,gene,基因
2180,KRT9,,gene,gene,基因
2182,CACNB4,,gene,gene,基因
2184,CHRNB2,,gene,gene,基因
2185,CLCN2,,gene,gene,基因
2186,CSTB,,gene,gene,基因
2187,GABRA1,,gene,gene,基因
2190,KCNQ3,,gene,gene,基因
2191,ME2,,gene,gene,基因
2192,SCN1A,,gene,gene,基因
2193,SYN1,,gene,gene,基因
2194,EPM2A,,gene,gene,基因
2195,JRK,,gene,gene,基因
2197,SLC25A22,,gene,gene,基因
2198,NHLRC1,,gene,gene,基因
2199,COL9A1,,gene,gene,基因
2203,SLC26A2,,gene,gene,基因
2206,KCNA1,,gene,gene,基因
2214,GJB3,,gene,gene,基因
2216,GJB4,,gene,gene,基因
2217,RNF6,,gene,gene,基因
2219,LZTS1,,gene,gene,基因
2220,WWOX,,gene,gene,基因
2229,FZD4,,gene,gene,基因
2235,F10,,gene,gene,基因
2236,F11,,gene,gene,基因
2237,F12,,gene,gene,基因
2238,F13A1,,gene,gene,基因
2239,F13B,,gene,gene,基因
2241,MCFD2,,gene,gene,基因
2244,FANCA,,gene,gene,基因
2245,FANCC,,gene,gene,基因
2246,FANCD2,,gene,gene,基因
2247,FANCE,,gene,gene,基因
2248,FANCB,,gene,gene,基因
2249,FANCF,,gene,gene,基因
2250,FANCG,,gene,gene,基因
2251,FANCL,,gene,gene,基因
2252,FANCM,,gene,gene,基因
2253,BRIP1,,gene,gene,基因
2254,SLC2A2,,gene,gene,基因
2285,COL8A2,,gene,gene,基因
2290,RDH5,,gene,gene,基因
2306,IL1B,,gene,gene,基因
2307,IL1RN,,gene,gene,基因
2309,MUTYH,,gene,gene,基因
2328,MYOC,,gene,gene,基因
2330,OPTN,,gene,gene,基因
2331,DMBT1,,gene,gene,基因
2335,LGI1,,gene,gene,基因
2380,GC,,gene,gene,基因
2386,GHRHR,,gene,gene,基因
2418,AK1,,gene,gene,基因
2419,BPGM,,gene,gene,基因
2420,G6PD,,gene,gene,基因
2421,GCLC,,gene,gene,基因
2422,GPI,,gene,gene,基因
2423,GSS,,gene,gene,基因
2424,HK1,,gene,gene,基因
2427,TPI1,,gene,gene,基因
2434,SERPINA1,,gene,gene,基因
2437,CASP8,,gene,gene,基因
2439,IGF2R,,gene,gene,基因
2441,PDGFRL,,gene,gene,基因
2444,AXIN1,,gene,gene,基因
2462,GDNF,,gene,gene,基因
2463,NRTN,,gene,gene,基因
2468,CCR2,,gene,gene,基因
2469,CCR5,,gene,gene,基因
2471,CCL5,,gene,gene,基因
2477,SIX3,,gene,gene,基因
2478,TGIF,,gene,gene,基因
2479,ZIC2,,gene,gene,基因
2483,MTHFR,,gene,gene,基因
2492,HD,,gene,gene,基因
2495,JPH3,,gene,gene,基因
2504,BAAT,,gene,gene,基因
2506,TJP2,,gene,gene,基因
2507,APOA2,,gene,gene,基因
2509,EPHX2,,gene,gene,基因
2510,ITIH4,,gene,gene,基因
2511,低密度脂蛋白受体,,gene,gene,基因
2512,C7orf16,,gene,gene,基因
2513,LDLRAP1,,gene,gene,基因
2514,PCSK9,,gene,gene,基因
2517,PDGFRA,,gene,gene,基因
2525,APOC2,,gene,gene,基因
2541,ALDH4A1,,gene,gene,基因
2544,ADD1,,gene,gene,基因
2547,CYP3A5,,gene,gene,基因
2548,ECE1,,gene,gene,基因
2549,GNB3,,gene,gene,基因
2550,HSD11B2,,gene,gene,基因
2551,KCNMB1,,gene,gene,基因
2554,PTGIS,,gene,gene,基因
2555,RETN,,gene,gene,基因
2560,APOA5,,gene,gene,基因
2561,科研所,,gene,gene,基因
2565,APOA1,,gene,gene,基因
2566,APOB,,gene,gene,基因
2568,CASR,,gene,gene,基因
2569,CP,,gene,gene,基因
2576,ABCC8,,gene,gene,基因
2585,KCNE3,,gene,gene,基因
2601,CTLA4,,gene,gene,基因
2602,SLC5A5,,gene,gene,基因
2604,TSHB,,gene,gene,基因
2606,PAX8,,gene,gene,基因
2607,DUOX2,,gene,gene,基因
2614,ALOX12B,,gene,gene,基因
2616,ALOXE3,,gene,gene,基因
2619,KRT2A,,gene,gene,基因
2622,ABCA12,,gene,gene,基因
2623,ICHTHYIN,,gene,gene,基因
2625,PHF11,,gene,gene,基因
2635,FOXP3,,gene,gene,基因
2640,IKBKG,,gene,gene,基因
2645,GABRB3,,gene,gene,基因
2648,PPP1R3A,,gene,gene,基因
2649,PTPN1,,gene,gene,基因
2651,COL9A2,,gene,gene,基因
2652,COL9A3,,gene,gene,基因
2675,KAL1,,gene,gene,基因
2685,VSX1,,gene,gene,基因
2687,DSG1,,gene,gene,基因
2690,SAT,,gene,gene,基因
2705,LAMA3,,gene,gene,基因
2711,GUCY2D,,gene,gene,基因
2715,RPGRIP1,,gene,gene,基因
2716,RDH12,,gene,gene,基因
2722,COX15,,gene,gene,基因
2724,NDUFS3,,gene,gene,基因
2727,NDUFS8,,gene,gene,基因
2730,SURF1,,gene,gene,基因
2731,LRPPRC,,gene,gene,基因
2732,NDUFS7,,gene,gene,基因
2740,ABL1,,gene,gene,基因
2741,ARNT,,gene,gene,基因
2743,BCL2,,gene,gene,基因
2744,BCR,,gene,gene,基因
2746,CEBPA,,gene,gene,基因
2747,NQO1,,gene,gene,基因
2748,FLT3,,gene,gene,基因
2750,HOXD4,,gene,gene,基因
2756,NPM1,,gene,gene,基因
2757,NUMA1,,gene,gene,基因
2758,P2RX7,,gene,gene,基因
2759,PML,,gene,gene,基因
2761,STAT5B,,gene,gene,基因
2762,TAL1,,gene,gene,基因
2763,TAL2,,gene,gene,基因
2764,TRA @,,gene,gene,基因
2765,ZBTB16,,gene,gene,基因
2766,NUP214,,gene,gene,基因
2767,MLLT10,,gene,gene,基因
2768,PICALM,,gene,gene,基因
2769,GMPS,,gene,gene,基因
2770,ZNFN1A1,,gene,gene,基因
2771,MLLT11,,gene,gene,基因
2772,ARHGAP26,,gene,gene,基因
2773,ARHGEF12,,gene,gene,基因
2774,CHIC2,,gene,gene,基因
2775,WHSC1L1,,gene,gene,基因
2776,ARL11,,gene,gene,基因
2792,LMNA,,gene,gene,基因
2794,AGPAT2,,gene,gene,基因
2795,PPARGC1A,,gene,gene,基因
2799,LPP,,gene,gene,基因
2805,RELN,,gene,gene,基因
2808,TGFBR1,,gene,gene,基因
2809,TGFBR2,,gene,gene,基因
2812,ANK2,,gene,gene,基因
2813,KCNE1,,gene,gene,基因
2814,KCNH2,,gene,gene,基因
2815,KCNJ2,,gene,gene,基因
2816,KCNQ1,,gene,gene,基因
2818,KCNE2,,gene,gene,基因
2819,DCTN1,,gene,gene,基因
2824,MAP3K8,,gene,gene,基因
2827,PPP2R1B,,gene,gene,基因
2834,BCL8,,gene,gene,基因
2835,FCGR2B,,gene,gene,基因
2836,SH2D1A,,gene,gene,基因
2838,RAP1GDS1,,gene,gene,基因
2840,RAD54L,,gene,gene,基因
2842,RAD54B,,gene,gene,基因
2847,GATA1,,gene,gene,基因
2850,FBLN5,,gene,gene,基因
2851,CNGB3,,gene,gene,基因
2852,HMCN1,,gene,gene,基因
2856,GYPC,,gene,gene,基因
2857,ICAM1,,gene,gene,基因
2858,NOS2A,,gene,gene,基因
2867,BCKDHA,,gene,gene,基因
2868,BCKDHB,,gene,gene,基因
2869,DBT,,gene,gene,基因
2870,GCSL,,gene,gene,基因
2887,PTCH2,,gene,gene,基因
2888,SUFU,,gene,gene,基因
2896,CDK4,,gene,gene,基因
2899,XRCC3,,gene,gene,基因
2904,COCH,,gene,gene,基因
2905,MN1,,gene,gene,基因
2907,PDGFB,,gene,gene,基因
2911,AGTR2,,gene,gene,基因
2912,的Dlg3,,gene,gene,基因
2913,ACSL4,,gene,gene,基因
2914,FGD1,,gene,gene,基因
2915,AFF2,,gene,gene,基因
2916,GDI1,,gene,gene,基因
2918,OPHN1,,gene,gene,基因
2919,PAK3,,gene,gene,基因
2920,RPS6KA3,,gene,gene,基因
2922,SMS,,gene,gene,基因
2923,SOX3,,gene,gene,基因
2924,TSPAN7,,gene,gene,基因
2925,ZNF41,,gene,gene,基因
2926,SMCX,,gene,gene,基因
2927,PRSS12,,gene,gene,基因
2928,ARHGEF6,,gene,gene,基因
2929,IL1RAPL1,,gene,gene,基因
2930,FTSJ1,,gene,gene,基因
2931,CRBN,,gene,gene,基因
2932,NLGN4X,,gene,gene,基因
2934,ZNF81,,gene,gene,基因
2966,ATP1A2,,gene,gene,基因
2967,EDNRA,,gene,gene,基因
2968,ESR1,,gene,gene,基因
2971,BCS1L,,gene,gene,基因
2972,NDUFS1,,gene,gene,基因
2973,NDUFS2,,gene,gene,基因
2974,NDUFV1,,gene,gene,基因
2975,NDUFS4,,gene,gene,基因
2976,SDHA,,gene,gene,基因
2977,UQCRB,,gene,gene,基因
2979,GCK,,gene,gene,基因
2980,HNF4A,,gene,gene,基因
2981,INS,,gene,gene,基因
2983,TCF1,,gene,gene,基因
2984,TCF2,,gene,gene,基因
2985,TIMM8A,,gene,gene,基因
3016,CAPN3,,gene,gene,基因
3019,LAMA2,,gene,gene,基因
3020,PLEC1,,gene,gene,基因
3021,SGCA,,gene,gene,基因
3022,SGCB,,gene,gene,基因
3023,SGCD,,gene,gene,基因
3024,SGCG,,gene,gene,基因
3025,TTN,,gene,gene,基因
3027,TCAP,,gene,gene,基因
3028,大,,gene,gene,基因
3031,TRIM32,,gene,gene,基因
3032,SEPN1,,gene,gene,基因
3033,FKRP,,gene,gene,基因
3035,CHAT,,gene,gene,基因
3036,CHRNA1,,gene,gene,基因
3037,CHRNB1,,gene,gene,基因
3038,CHRND,,gene,gene,基因
3039,CHRNE,,gene,gene,基因
3040,RAPSN,,gene,gene,基因
3048,MDS1,,gene,gene,基因
3051,CBFB,,gene,gene,基因
3052,CSF1R,,gene,gene,基因
3054,ACSL6,,gene,gene,基因
3057,MPO,,gene,gene,基因
3063,F7,,gene,gene,基因
3064,GCLM,,gene,gene,基因
3065,LGALS2,,gene,gene,基因
3066,LTA,,gene,gene,基因
3067,OLR1,,gene,gene,基因
3069,TNFSF4,,gene,gene,基因
3070,GABRG2,,gene,gene,基因
3071,EFHC1,,gene,gene,基因
3073,PGK1,,gene,gene,基因
3074,KCNQ2,,gene,gene,基因
3076,ACTA1,,gene,gene,基因
3078,CPT2,,gene,gene,基因
3079,CRYAB,,gene,gene,基因
3080,DES,,gene,gene,基因
3081,ITGA7,,gene,gene,基因
3082,MYF6,,gene,gene,基因
3084,PGAM2,,gene,gene,基因
3085,DYSF,,gene,gene,基因
3086,MYOT,,gene,gene,基因
3087,CLCN1,,gene,gene,基因
3113,CFH,,gene,gene,基因
3117,SPINK5,,gene,gene,基因
3119,NME1,,gene,gene,基因
3120,PHOX2B,,gene,gene,基因
3129,EGR2,,gene,gene,基因
3130,HSPB1,,gene,gene,基因
3132,NGFB,,gene,gene,基因
3134,SPTLC1,,gene,gene,基因
3135,HSPB8,,gene,gene,基因
3136,HSN2,,gene,gene,基因
3137,ELA2,,gene,gene,基因
3139,GFI1,,gene,gene,基因
3142,PLOD1,,gene,gene,基因
3143,KRT10,,gene,gene,基因
3145,CHRNA4,,gene,gene,基因
3146,CYP2A6,,gene,gene,基因
3147,GPR51,,gene,gene,基因
3151,CACNA1F,,gene,gene,基因
3152,GNAT1,,gene,gene,基因
3155,NYX,,gene,gene,基因
3156,NBN,,gene,gene,基因
3158,TAZ,,gene,gene,基因
3159,CASP10,,gene,gene,基因
3160,BRAF,,gene,gene,基因
3161,表皮生长因子受体,,gene,gene,基因
3162,IRF1,,gene,gene,基因
3163,PTPN11,,gene,gene,基因
3164,NDP,,gene,gene,基因
3168,ADRB2,,gene,gene,基因
3169,ADRB3,,gene,gene,基因
3170,AGRP,,gene,gene,基因
3171,AKR1C2,,gene,gene,基因
3172,LEP,,gene,gene,基因
3173,LEPR,,gene,gene,基因
3174,MC3R,,gene,gene,基因
3175,MC4R,,gene,gene,基因
3176,NTRK2,,gene,gene,基因
3177,PCSK1,,gene,gene,基因
3179,POMC,,gene,gene,基因
3180,PPARG,,gene,gene,基因
3181,SIM1,,gene,gene,基因
3182,UCP1,,gene,gene,基因
3183,UCP2,,gene,gene,基因
3184,UCP3,,gene,gene,基因
3185,NR0B2,,gene,gene,基因
3186,CART,,gene,gene,基因
3187,SLC6A14,,gene,gene,基因
3188,GHRL,,gene,gene,基因
3189,BDNF,,gene,gene,基因
3191,SLC6A4,,gene,gene,基因
3192,ATP7A,,gene,gene,基因
3203,PAX9,,gene,gene,基因
3204,AXIN2,,gene,gene,基因
3210,OPA1,,gene,gene,基因
3211,OPA3,,gene,gene,基因
3220,ENPP1,,gene,gene,基因
3222,FRZB,,gene,gene,基因
3224,ASPN,,gene,gene,基因
3229,CLCN7,,gene,gene,基因
3231,TCIRG1,,gene,gene,基因
3232,OSTM1,,gene,gene,基因
3234,CALCA,,gene,gene,基因
3235,CALCR,,gene,gene,基因
3236,COL1A1,,gene,gene,基因
3237,COL1A2,,gene,gene,基因
3246,CDH1,,gene,gene,基因
3248,ERBB2,,gene,gene,基因
3249,MSH6,,gene,gene,基因
3250,MSH2,,gene,gene,基因
3251,PIK3CA,,gene,gene,基因
3252,RRAS2,,gene,gene,基因
3266,ACVR1B,,gene,gene,基因
3268,CDKN2A,,gene,gene,基因
3271,RBBP8,,gene,gene,基因
3274,ARMET,,gene,gene,基因
3278,BRCA1,,gene,gene,基因
3281,SDHC,,gene,gene,基因
3283,SCN4A,,gene,gene,基因
3285,CDC73,,gene,gene,基因
3286,MSX2,,gene,gene,基因
3287,ALX4,,gene,gene,基因
3288,RASA1,,gene,gene,基因
3289,胸径,,gene,gene,基因
3290,NDUFV2,,gene,gene,基因
3291,NR4A2,,gene,gene,基因
3292,PARK2,,gene,gene,基因
3293,SNCA,,gene,gene,基因
3295,UCHL1,,gene,gene,基因
3296,SNCAIP,,gene,gene,基因
3297,PARK7,,gene,gene,基因
3298,PINK1,,gene,gene,基因
3299,LRRK2,,gene,gene,基因
3306,SLC26A4,,gene,gene,基因
3315,CYP1B1,,gene,gene,基因
3317,STK11,,gene,gene,基因
3318,FGFR1,,gene,gene,基因
3324,SDHB,,gene,gene,基因
3325,SDHD,,gene,gene,基因
3331,PSEN1,,gene,gene,基因
3332,KIT,,gene,gene,基因
3335,CTNNB1,,gene,gene,基因
3338,THRA,,gene,gene,基因
3343,CD36,,gene,gene,基因
3344,PLA2G7,,gene,gene,基因
3345,P2RY12,,gene,gene,基因
3356,BMPR1A,,gene,gene,基因
3357,SMAD4,,gene,gene,基因
3371,EPHX1,,gene,gene,基因
3372,STOX1,,gene,gene,基因
3377,PRNP,,gene,gene,基因
3388,ATBF1,,gene,gene,基因
3390,KLF6,,gene,gene,基因
3391,EPHB2,,gene,gene,基因
3392,MSR1,,gene,gene,基因
3393,MXI1,,gene,gene,基因
3395,RNASEL,,gene,gene,基因
3396,MAD1L1,,gene,gene,基因
3397,CHEK2,,gene,gene,基因
3398,ELAC2,,gene,gene,基因
3402,ARX,,gene,gene,基因
3403,COMP,,gene,gene,基因
3406,NR3C2,,gene,gene,基因
3407,SCNN1A,,gene,gene,基因
3408,SCNN1B,,gene,gene,基因
3409,SCNN1G,,gene,gene,基因
3410,WNK1,,gene,gene,基因
3411,WNK4,,gene,gene,基因
3426,PC,,gene,gene,基因
3427,PDHA1,,gene,gene,基因
3428,PDHB,,gene,gene,基因
3429,INSR,,gene,gene,基因
3440,MET,,gene,gene,基因
3441,OGG1,,gene,gene,基因
3442,乳头状肾细胞癌,,gene,gene,基因
3443,TFE3,,gene,gene,基因
3445,RNF139,,gene,gene,基因
3446,FLCN,,gene,gene,基因
3452,PROM1,,gene,gene,基因
3453,LRAT,,gene,gene,基因
3454,C1QTNF5,,gene,gene,基因
3456,CA4,,gene,gene,基因
3457,CNGB1,,gene,gene,基因
3458,CNGA1,,gene,gene,基因
3459,CRX,,gene,gene,基因
3460,IMPDH1,,gene,gene,基因
3461,NRL,,gene,gene,基因
3462,PDE6A,,gene,gene,基因
3463,PDE6B,,gene,gene,基因
3465,RGR,,gene,gene,基因
3466,RHO,,gene,gene,基因
3467,RLBP1,,gene,gene,基因
3468,ROM1,,gene,gene,基因
3469,Rp9,,gene,gene,基因
3470,Rp1,,gene,gene,基因
3471,Rp2,,gene,gene,基因
3472,RPGR,,gene,gene,基因
3473,RPE65,,gene,gene,基因
3474,TULP1,,gene,gene,基因
3476,PRPF3,,gene,gene,基因
3477,NR2E3,,gene,gene,基因
3478,MERTK,,gene,gene,基因
3479,PRPF8,,gene,gene,基因
3480,CRB1,,gene,gene,基因
3481,AIPL1,,gene,gene,基因
3482,FSCN2,,gene,gene,基因
3483,PRPF31,,gene,gene,基因
3484,CERKL,,gene,gene,基因
3485,RB1,,gene,gene,基因
3488,MECP2,,gene,gene,基因
3489,CDKL5,,gene,gene,基因
3491,FOXO1A,,gene,gene,基因
3492,SLC22A18,,gene,gene,基因
3494,PAX7,,gene,gene,基因
3495,RUNX1,,gene,gene,基因
3496,IL10,,gene,gene,基因
3498,MIF,,gene,gene,基因
3499,NFKBIL1,,gene,gene,基因
3500,SLC22A4,,gene,gene,基因
3501,PADI4,,gene,gene,基因
3505,RHAG,,gene,gene,基因
3506,RHCE,,gene,gene,基因
3507,RHD,,gene,gene,基因
3511,FOXC1,,gene,gene,基因
3513,PITX2,,gene,gene,基因
3514,CAV3,,gene,gene,基因
3519,MPZ,,gene,gene,基因
3520,PMP22,,gene,gene,基因
3521,CREBBP,,gene,gene,基因
3522,EP300,,gene,gene,基因
3523,FGFR2,,gene,gene,基因
3524,TWIST1,,gene,gene,基因
3539,APP,,gene,gene,基因
3540,COMT,,gene,gene,基因
3542,PRODH,,gene,gene,基因
3543,SYN2,,gene,gene,基因
3544,ENTH,,gene,gene,基因
3545,DISC1,,gene,gene,基因
3546,RTN4R,,gene,gene,基因
3547,TAAR6,,gene,gene,基因
3548,NF2,,gene,gene,基因
3553,APOE,,gene,gene,基因
3554,HTR2A,,gene,gene,基因
3555,MYH9,,gene,gene,基因
3560,TGM1,,gene,gene,基因
3567,肿瘤坏死因子,,gene,gene,基因
3568,CASP12P1,,gene,gene,基因
3571,ADA,,gene,gene,基因
3572,CD3D,,gene,gene,基因
3574,IL7R,,gene,gene,基因
3576,RAG1,,gene,gene,基因
3577,RAG2,,gene,gene,基因
3578,DCLRE1C,,gene,gene,基因
3580,BCL10,,gene,gene,基因
3581,EDN3,,gene,gene,基因
3599,DSP,,gene,gene,基因
3608,SHH,,gene,gene,基因
3609,GNAS,,gene,gene,基因
3612,HSPD1,,gene,gene,基因
3613,KIF5A,,gene,gene,基因
3614,PLP1,,gene,gene,基因
3615,SPAST,,gene,gene,基因
3616,SPG7,,gene,gene,基因
3617,SACS,,gene,gene,基因
3618,SPG3A,,gene,gene,基因
3619,ALS2,,gene,gene,基因
3620,NIPA1,,gene,gene,基因
3623,ANK1,,gene,gene,基因
3624,EPB42,,gene,gene,基因
3626,SPTA1,,gene,gene,基因
3627,SPTB,,gene,gene,基因
3631,AR,,gene,gene,基因
3632,GARS,,gene,gene,基因
3633,HEXB,,gene,gene,基因
3634,IGHMBP2,,gene,gene,基因
3635,SMN1,,gene,gene,基因
3636,VAPB,,gene,gene,基因
3637,BSCL2,,gene,gene,基因
3638,CACNA1A,,gene,gene,基因
3639,FGF14,,gene,gene,基因
3640,PPP2R2B,,gene,gene,基因
3641,PRKCG,,gene,gene,基因
3642,ATXN1,,gene,gene,基因
3643,ATXN2,,gene,gene,基因
3644,ATXN7,,gene,gene,基因
3645,KLHL1AS,,gene,gene,基因
3646,TBP,,gene,gene,基因
3647,ATXN10,,gene,gene,基因
3648,PLEKHG4,,gene,gene,基因
3649,TDP1,,gene,gene,基因
3650,SCA25,,gene,gene,基因
3653,FLNB,,gene,gene,基因
3656,AGC1,,gene,gene,基因
3657,MATN3,,gene,gene,基因
3658,TRAPPC2,,gene,gene,基因
3659,WISP3,,gene,gene,基因
3660,CHST3,,gene,gene,基因
3662,FAS,,gene,gene,基因
3663,ING1,,gene,gene,基因
3664,TNFRSF10B,,gene,gene,基因
3675,COL11A1,,gene,gene,基因
3677,KRAS,,gene,gene,基因
3678,ALOX5AP,,gene,gene,基因
3679,PDE4D,,gene,gene,基因
3681,DCX,,gene,gene,基因
3682,PAFAH1B1,,gene,gene,基因
3699,FASLG,,gene,gene,基因
3700,DNASE1,,gene,gene,基因
3701,PDCD1,,gene,gene,基因
3702,PTPN22,,gene,gene,基因
3704,ABCA1,,gene,gene,基因
3706,MAPT,,gene,gene,基因
3708,ATM,,gene,gene,基因
3709,BAX,,gene,gene,基因
3712,JAG1,,gene,gene,基因
3713,NKX2-5,,gene,gene,基因
3714,ZFPM2,,gene,gene,基因
3720,FGFR3,,gene,gene,基因
3722,JAK2,,gene,gene,基因
3723,THPO,,gene,gene,基因
3725,MPL,,gene,gene,基因
3727,MASTL,,gene,gene,基因
3728,CBS,,gene,gene,基因
3729,F5,,gene,gene,基因
3730,FGB,,gene,gene,基因
3731,FGG,,gene,gene,基因
3732,SERPIND1,,gene,gene,基因
3733,HRG,,gene,gene,基因
3734,PROC,,gene,gene,基因
3735,THBD,,gene,gene,基因
3736,ADAMTS13,,gene,gene,基因
3738,HRAS,,gene,gene,基因
3739,PCM1,,gene,gene,基因
3743,TSHR,,gene,gene,基因
3744,NCOA4,,gene,gene,基因
3745,TRIM24,,gene,gene,基因
3746,MINPP1,,gene,gene,基因
3747,GOLGA5,,gene,gene,基因
3748,TRIM33,,gene,gene,基因
3749,CACNA1S,,gene,gene,基因
3759,COL7A1,,gene,gene,基因
3772,MYH8,,gene,gene,基因
3780,APC,,gene,gene,基因
3781,MLH1,,gene,gene,基因
3782,PMS2,,gene,gene,基因
3792,KRT1,,gene,gene,基因
3793,APRT,,gene,gene,基因
3794,SLC34A1,,gene,gene,基因
3795,MYO7A,,gene,gene,基因
3796,USH2A,,gene,gene,基因
3797,USH3A,,gene,gene,基因
3798,USH1C,,gene,gene,基因
3799,CDH23,,gene,gene,基因
3800,PCDH15,,gene,gene,基因
3801,MASS1,,gene,gene,基因
3802,USH1G,,gene,gene,基因
3803,HMGA2,,gene,gene,基因
3805,LRP5,,gene,gene,基因
3806,PTEN,,gene,gene,基因
3810,CASQ2,,gene,gene,基因
3811,GNAI2,,gene,gene,基因
3812,RYR2,,gene,gene,基因
3813,HOXD10,,gene,gene,基因
3814,FCGR3A,,gene,gene,基因
3815,OAS1,,gene,gene,基因
3821,GJB2,,gene,gene,基因
3822,LOR,,gene,gene,基因
3823,CCND1,,gene,gene,基因
3824,VHL,,gene,gene,基因
3825,EDNRB,,gene,gene,基因
3827,MITF,,gene,gene,基因
3828,PAX3,,gene,gene,基因
3829,SNAI2,,gene,gene,基因
3830,TYR,,gene,gene,基因
3831,COL2A1,,gene,gene,基因
3833,FCMD,,gene,gene,基因
3834,POMT1,,gene,gene,基因
3835,RAB3GAP1,,gene,gene,基因
3839,NF1,,gene,gene,基因
3841,TAP2,,gene,gene,基因
3842,FBN1,,gene,gene,基因
3843,ADAMTS10,,gene,gene,基因
3844,COL11A2,,gene,gene,基因
3851,ELN,,gene,gene,基因
3852,BRCA2,,gene,gene,基因
3853,GPC3,,gene,gene,基因
3854,WT1,,gene,gene,基因
3855,POU6F2,,gene,gene,基因
3857,WAS,,gene,gene,基因
3858,MSX1,,gene,gene,基因
3860,PRKAG2,,gene,gene,基因
3875,SOX10,,gene,gene,基因
3887,PVRL1,,gene,gene,基因
3892,COL3A1,,gene,gene,基因
3893,TG,,gene,gene,基因
3894,PTCH,,gene,gene,基因
3895,MEN1,,gene,gene,基因
3896,MYH7,,gene,gene,基因
3897,RYR1,,gene,gene,基因
3904,NOS3,,gene,gene,基因
3905,SLC6A8,,gene,gene,基因
3913,GJA1,,gene,gene,基因
3915,ABCA4,,gene,gene,基因
3916,CHST6,,gene,gene,基因
3917,RDS,,gene,gene,基因
3918,ELOVL4,,gene,gene,基因
3919,VMD2,,gene,gene,基因
3920,NTRK1,,gene,gene,基因
3921,RET,,gene,gene,基因
3928,IPF1,,gene,gene,基因
3930,KCNJ11,,gene,gene,基因
3931,PRKAR1A,,gene,gene,基因
3939,THRB,,gene,gene,基因
3941,TPO,,gene,gene,基因
3943,SCN5A,,gene,gene,基因
3951,C6,,gene,gene,基因
3952,IL2RG,,gene,gene,基因
3957,TP53,,gene,gene,基因
3958,PAX6,,gene,gene,基因
3964,STS,,gene,gene,基因
3972,ATP6V1B1,,gene,gene,基因
3973,CA2,,gene,gene,基因
3974,SLC4A1,,gene,gene,基因
3975,SLC4A4,,gene,gene,基因
3976,ATP6V0A4,,gene,gene,基因
3980,CIITA,,gene,gene,基因
3981,PTPRC,,gene,gene,基因
3983,AGT,,gene,gene,基因
3984,AGTR1,,gene,gene,基因
3985,ACE,,gene,gene,基因
3986,REN,,gene,gene,基因
